INSERT INTO subjects (id, name, tutor, created, updated) VALUES 
('1', 'PE', 'Kim Walker', '2022-12-24T14:28:40.708Z', '2023-02-25T21:11:28.578Z'),
 ('2', 'art', 'Marion Beatty', '2023-01-26T15:11:52.466Z', '2023-02-25T11:28:37.614Z'),
 ('3', 'english', 'Bernice Hirthe', '2022-03-27T16:48:57.488Z', '2023-02-25T20:16:22.075Z'),
 ('4', 'geography', 'Ms. Angelica Cassin', '2022-11-24T17:19:34.493Z', '2023-02-25T09:46:54.088Z'),
 ('5', 'science', 'Spencer Ritchie', '2022-09-20T05:07:24.856Z', '2023-02-25T17:28:46.610Z'),
 ('6', 'science', 'Jose Pouros', '2022-05-25T04:09:36.980Z', '2023-02-25T13:58:40.952Z'),
 ('7', 'PE', 'Patti Berge', '2022-10-22T08:52:25.715Z', '2023-02-25T23:58:00.297Z'),
 ('8', 'history', 'Mildred Thiel', '2022-10-16T08:58:53.940Z', '2023-02-25T10:53:53.652Z'),
 ('9', 'geography', 'Charlene Gibson', '2022-05-19T01:01:59.015Z', '2023-02-25T14:25:58.564Z'),
 ('10', 'music', 'Jamie O''Conner III', '2022-07-30T15:13:38.712Z', '2023-02-25T18:10:51.263Z');
INSERT INTO students (id, name, surname, date_of_birth, phone_numbers, primary_skill, created, updated) VALUES 
('1', 'Mable', 'Hills', '1946-08-23T15:59:52.768Z', ARRAY['1-856-647-1487 x6385'], 'Math', '2023-02-23T20:42:10.125Z', '2023-02-25T09:43:22.116Z'),
 ('2', 'Grady', 'Sauer', '1958-09-03T01:19:15.510Z', ARRAY['658-874-0956 x51863','1-807-992-3278 x591','(350) 493-7187 x708'], 'Grammar', '2022-07-10T23:44:29.336Z', '2023-02-25T16:53:19.092Z'),
 ('3', 'Faye', 'Rau', '2005-05-01T10:15:00.662Z', ARRAY['1-694-950-6489 x4748','651-264-0343 x5770'], 'Grammar', '2023-01-01T19:48:10.771Z', '2023-02-25T22:40:06.067Z'),
 ('4', 'Cassandre', 'Johnson', '1992-10-17T11:22:41.359Z', ARRAY['441-864-8145','1-682-428-7510','901.881.6989 x171'], 'Math', '2023-01-03T06:20:02.807Z', '2023-02-26T00:45:24.335Z'),
 ('5', 'Camron', 'Connelly', '1990-01-24T12:19:34.598Z', ARRAY['212.698.8264'], 'Grammar', '2023-02-06T22:04:17.085Z', '2023-02-26T02:07:25.591Z'),
 ('6', 'Domenic', 'Shanahan', '1955-09-29T10:55:34.611Z', ARRAY['917-368-4806 x74264'], 'PE', '2022-10-27T22:29:17.940Z', '2023-02-25T22:33:12.808Z'),
 ('7', 'Ezequiel', 'Cartwright', '1980-01-28T21:08:44.659Z', ARRAY['702.419.9357 x55377','200-941-3287 x81859','(898) 685-8484 x14204'], 'PE', '2022-08-21T17:21:52.765Z', '2023-02-26T03:11:57.194Z'),
 ('8', 'Mallie', 'Krajcik', '1994-08-30T00:30:53.904Z', ARRAY['932-267-5010 x45117','781-605-9627 x10964','449.794.1275 x5298'], 'Grammar', '2022-12-19T04:35:42.310Z', '2023-02-26T05:16:28.292Z'),
 ('9', 'Jaylan', 'Lemke', '1953-04-27T03:41:19.518Z', ARRAY['(363) 747-0065 x170'], 'PE', '2022-06-14T05:55:06.216Z', '2023-02-26T00:22:23.591Z'),
 ('10', 'Ben', 'Waters', '1969-08-19T13:20:14.678Z', ARRAY['(935) 785-4369','(967) 678-3626','(956) 621-8185 x0527'], 'Grammar', '2022-10-30T17:49:31.672Z', '2023-02-26T07:42:07.158Z');
INSERT INTO student_subject (student_id, subject_id, created) VALUES 
('10', '4', '2023-02-25T17:46:25.557Z'),
 ('9', '6', '2023-02-25T19:39:04.128Z'),
 ('7', '6', '2023-02-26T04:37:16.316Z'),
 ('9', '6', '2023-02-26T06:45:56.020Z'),
 ('9', '1', '2023-02-26T04:37:52.798Z'),
 ('9', '10', '2023-02-25T16:51:16.620Z'),
 ('5', '8', '2023-02-25T23:05:01.843Z'),
 ('4', '9', '2023-02-26T06:21:12.404Z'),
 ('10', '9', '2023-02-25T17:28:52.927Z'),
 ('9', '5', '2023-02-25T14:03:04.550Z');
INSERT INTO exam_result (id, student_id, subject_id, mark, created) VALUES 
('1', '5', '7', 'F', '2022-11-19T17:48:37.286Z'),
 ('2', '2', '6', 'D', '2022-11-23T20:18:00.728Z'),
 ('3', '2', '2', 'E', '2022-11-08T04:13:38.080Z'),
 ('4', '3', '9', 'F', '2022-11-03T20:08:12.870Z'),
 ('5', '1', '7', 'E', '2022-04-01T09:41:48.480Z'),
 ('6', '8', '1', 'A', '2022-09-26T00:49:46.436Z'),
 ('7', '9', '10', 'A', '2022-05-09T02:08:54.872Z'),
 ('8', '8', '7', 'F', '2022-06-25T02:03:37.499Z'),
 ('9', '9', '2', 'D', '2022-09-24T18:38:29.994Z'),
 ('10', '1', '1', 'F', '2022-09-09T03:11:29.047Z');